[{"success": 0, "all": 1, "fail": 0, "skip": 0, "error": 1, "runtime": "0.00 S", "begin_time": "2022-05-30 15:13:28", "pass_rate": "0.00"}, {"success": 2, "all": 2, "fail": 0, "skip": 0, "error": 0, "runtime": "0.11 S", "begin_time": "2022-05-30 15:16:29", "pass_rate": "100.00"}, {"success": 2, "all": 2, "fail": 0, "skip": 0, "error": 0, "runtime": "0.08 S", "begin_time": "2022-05-30 15:18:18", "pass_rate": "100.00"}, {"success": 2, "all": 2, "fail": 0, "skip": 0, "error": 0, "runtime": "0.09 S", "begin_time": "2022-05-30 15:21:20", "pass_rate": "100.00"}, {"success": 0, "all": 2, "fail": 0, "skip": 0, "error": 2, "runtime": "20.05 S", "begin_time": "2022-05-30 15:23:14", "pass_rate": "0.00"}, {"success": 0, "all": 2, "fail": 0, "skip": 0, "error": 2, "runtime": "6.05 S", "begin_time": "2022-05-30 15:24:32", "pass_rate": "0.00"}, {"success": 0, "all": 2, "fail": 0, "skip": 0, "error": 2, "runtime": "6.04 S", "begin_time": "2022-05-30 15:53:34", "pass_rate": "0.00"}, {"success": 2, "all": 2, "fail": 0, "skip": 0, "error": 0, "runtime": "0.06 S", "begin_time": "2022-05-30 15:59:27", "pass_rate": "100.00"}, {"success": 4, "all": 4, "fail": 0, "skip": 0, "error": 0, "runtime": "0.20 S", "begin_time": "2022-05-30 17:16:51", "pass_rate": "100.00"}]